step,train_loss,train_accuracy,valid_loss,valid_mean_token_accuracy
1,0.66873,0.88889,1.23117,0.51852
2,0.9023,0.81481,,
3,0.90698,0.87037,,
4,0.66762,0.83333,,
5,0.77767,0.7963,,
6,0.73072,0.87037,,
7,0.62798,0.88889,,
8,0.88005,0.85185,,
9,0.58193,0.87037,,
10,0.41195,0.85185,,
11,0.26808,0.90741,,
12,0.82743,0.83333,,
13,0.26099,0.92593,,
14,0.18134,0.96296,,
15,0.33731,0.90741,,
16,0.36566,0.92593,,
17,0.32706,0.92593,,
18,0.08318,0.94444,,
19,0.28134,0.94444,,
20,0.22407,0.96296,,
21,0.12544,0.98148,,
22,0.05112,0.98148,,
23,0.37994,0.94444,,
24,0.01514,1.0,,
25,0.08918,0.98148,,
26,0.08628,0.96296,,
27,0.18481,0.94444,,
28,0.15909,0.96296,,
29,0.02299,0.98148,,
30,0.06961,0.96296,,
31,0.31076,0.94444,,
32,0.30421,0.92593,,
33,0.3172,0.96296,,
34,0.28791,0.94444,,
35,0.43241,0.92593,,
36,0.34722,0.96296,,
37,0.23583,0.96296,,
38,0.12623,0.98148,,
39,0.01784,1.0,,
40,0.01538,1.0,,
41,0.1557,0.96296,,
42,0.08807,0.96296,,
43,0.20353,0.96296,,
44,0.09296,0.94444,,
45,0.0123,1.0,,
46,0.0381,1.0,,
47,0.1859,0.92593,,
48,0.09474,0.98148,,
49,0.12593,0.98148,,
50,0.16062,0.92593,,
51,0.05655,0.98148,,
52,0.19935,0.94444,,
53,0.08218,0.98148,,
54,0.04655,0.98148,,
55,0.11968,0.98148,,
56,0.20107,0.94444,,
57,0.14413,0.96296,,
58,0.20998,0.94444,,
59,0.07096,0.98148,,
60,0.03737,0.98148,,
61,0.17137,0.94444,,
62,0.07827,0.96296,,
63,0.13923,0.94444,,
64,0.06452,0.98148,,
65,0.05483,0.96296,,
66,0.28626,0.94444,,
67,0.09339,0.98148,,
68,0.15145,0.92593,,
69,0.19375,0.94444,,
70,0.10786,0.96296,,
71,0.18641,0.92593,,
72,0.10919,0.96296,,
73,0.12654,0.96296,,
74,0.00329,1.0,,
75,0.03263,0.98148,,
76,0.04655,0.98148,,
77,0.16738,0.94444,,
78,0.00251,1.0,,
79,0.07095,0.96296,,
80,0.13577,0.96296,,
81,0.00792,1.0,,
82,0.00457,1.0,,
83,0.13263,0.92593,,
84,0.00881,1.0,,
85,0.07358,0.98148,,
86,0.12714,0.96296,,
87,0.13013,0.96296,,
88,0.07128,0.94444,,
89,0.05004,0.98148,,
90,0.03978,0.98148,,
91,0.16057,0.96296,,
92,0.17016,0.98148,,
93,0.11501,0.94444,,
94,0.03375,0.98148,,
95,0.09679,0.98148,,
96,0.12739,0.96296,,
97,0.17625,0.98148,,
98,0.04878,0.98148,,
99,0.0699,0.98148,,
100,0.18584,0.96296,,
101,0.07991,0.98148,0.01053,0.66667
102,0.07876,0.96296,,
103,0.13966,0.96296,,
104,0.07371,0.96296,,
105,0.0405,0.98148,,
106,0.06982,0.96296,,
107,0.01037,1.0,,
108,0.03612,1.0,,
109,0.11257,0.96296,,
110,0.01405,1.0,,
111,0.09366,0.98148,,
112,0.01736,1.0,,
113,0.01557,1.0,,
114,0.17016,0.94444,,
115,0.00691,1.0,,
116,0.09946,0.98148,,
117,0.0515,0.98148,,
118,0.0637,0.96296,,
119,0.01846,0.98148,,
120,0.01183,1.0,,
121,0.14224,0.96296,,
122,0.04879,0.98148,,
123,0.08247,0.96296,,
124,0.00547,1.0,,
125,0.20742,0.94444,,
126,0.07415,0.98148,,
127,0.02011,1.0,,
128,0.20442,0.94444,,
129,0.01486,1.0,,
130,0.06402,0.98148,,
131,0.15756,0.96296,,
132,0.03897,0.98148,,
133,0.11742,0.96296,,
134,0.0031,1.0,,
135,0.0542,0.98148,,
136,0.0496,0.98148,,
137,0.00743,1.0,,
138,0.0943,0.96296,,
139,0.06603,0.98148,,
140,0.01288,1.0,,
141,0.07248,0.98148,,
142,0.07007,0.98148,,
143,0.14734,0.94444,,
144,0.12241,0.98148,,
145,0.18877,0.96296,,
146,0.00621,1.0,,
147,0.19864,0.96296,,
148,0.05949,0.98148,,
149,0.0877,0.94444,,
150,0.00765,1.0,,
151,0.15596,0.96296,,
152,0.01092,1.0,,
153,0.08863,0.94444,,
154,0.04356,0.98148,,
155,0.11026,0.98148,,
156,0.14199,0.96296,,
157,0.21998,0.96296,,
158,0.02083,0.98148,,
159,0.10579,0.96296,,
160,0.18436,0.96296,,
161,0.08695,0.98148,,
162,0.17439,0.96296,,
163,0.19126,0.94444,,
164,0.11233,0.96296,,
165,0.02181,1.0,,
166,0.0359,0.98148,,
167,0.10874,0.96296,,
168,0.0914,0.94444,,
169,0.0329,0.98148,,
170,0.02443,1.0,,
171,0.00723,1.0,,
172,0.07882,0.96296,,
173,0.03988,0.98148,,
174,0.08652,0.96296,,
175,0.00261,1.0,,
176,0.10439,0.98148,,
177,0.07868,0.96296,,
178,0.10036,0.96296,,
179,0.10381,0.98148,,
180,0.13118,0.94444,,
181,0.00317,1.0,,
182,0.0909,0.96296,,
183,0.0923,0.94444,,
184,0.00635,1.0,,
185,0.09649,0.94444,,
186,0.15924,0.96296,,
187,0.04229,0.98148,,
188,0.02222,1.0,,
189,0.00408,1.0,,
190,0.07962,0.98148,,
191,0.11155,0.94444,,
192,0.02626,1.0,,
193,0.19912,0.94444,,
194,0.0112,1.0,,
195,0.08445,0.98148,,
196,0.04849,0.96296,,
197,0.01107,1.0,,
198,0.10846,0.96296,,
199,0.09883,0.98148,,
200,0.15346,0.96296,,
201,0.01254,1.0,0.03985,0.64815
202,0.09737,0.98148,,
203,0.05428,0.98148,,
204,0.22958,0.94444,,
205,0.0626,0.96296,,
206,0.0318,0.98148,,
207,0.05003,0.98148,,
208,0.16186,0.96296,,
209,0.01519,1.0,,
210,0.00886,1.0,,
211,0.00331,1.0,,
212,0.03719,0.98148,,
213,0.08968,0.96296,,
214,0.04766,0.98148,,
215,0.00225,1.0,,
216,0.00944,1.0,,
217,0.06196,0.96296,,
218,0.0648,0.98148,,
219,0.05746,0.96296,,
220,0.05803,0.98148,,
221,0.02425,0.98148,,
222,0.13717,0.94444,,
223,0.15538,0.96296,,
224,0.02846,0.98148,,
225,0.02244,0.98148,,
226,0.04773,0.98148,,
227,0.129,0.96296,,
228,0.09627,0.94444,,
229,0.14771,0.96296,,
230,0.04024,0.98148,,
231,0.03717,1.0,,
232,0.10138,0.96296,,
233,0.07225,0.98148,,
234,0.00192,1.0,,
235,0.00594,1.0,,
236,0.09966,0.96296,,
237,0.02869,0.98148,,
238,0.0379,0.98148,,
239,0.01649,1.0,,
240,0.10611,0.94444,,
241,0.04919,0.96296,,
242,0.03585,1.0,,
243,0.01548,1.0,,
244,0.10844,0.96296,,
245,0.00631,1.0,,
246,0.17836,0.92593,,
247,0.00101,1.0,,
248,0.06994,0.96296,,
249,0.05348,0.98148,,
250,0.0938,0.96296,,
251,0.01435,1.0,,
252,0.08303,0.96296,,
253,0.07522,0.98148,,
254,0.08726,0.96296,,
255,0.09202,0.96296,,
256,0.19043,0.92593,,
257,0.07105,0.96296,,
258,0.10864,0.96296,,
259,0.00309,1.0,,
260,0.1917,0.96296,,
261,0.18936,0.96296,,
262,0.01149,1.0,,
263,0.22117,0.96296,,
264,0.1501,0.96296,,
265,0.0302,0.98148,,
266,0.20497,0.94444,,
267,0.12481,0.94444,,
268,0.09178,0.96296,,
269,0.00542,1.0,,
270,0.0181,1.0,,
271,0.01018,1.0,,
272,0.00332,1.0,,
273,0.07028,0.98148,,
274,0.09498,0.98148,,
275,0.03254,0.98148,,
276,0.14067,0.96296,,
277,0.13087,0.96296,,
278,0.06571,0.98148,,
279,0.07162,0.98148,,
280,0.04759,0.96296,,
281,0.02198,1.0,,
282,0.03391,0.98148,,
283,0.07995,0.98148,,
284,0.01861,0.98148,,
285,0.05708,0.98148,,
286,0.00581,1.0,,
287,0.02972,0.98148,,
288,0.02132,0.98148,,
289,0.00719,1.0,,
290,0.07105,0.98148,,
291,0.07345,0.98148,,
292,0.13137,0.96296,,
293,0.00215,1.0,,
294,0.24068,0.94444,,
295,0.00067,1.0,,
296,0.16513,0.94444,,
297,0.00161,1.0,,
298,0.01823,1.0,,
299,0.00741,1.0,,
300,0.03418,0.96296,,
301,0.00769,1.0,0.00154,0.66667
302,0.11971,0.98148,,
303,0.04334,0.98148,,
304,0.06891,0.98148,,
305,0.00203,1.0,,
306,0.07073,0.98148,,
307,0.02897,0.98148,,
308,0.14037,0.96296,,
309,0.0036,1.0,,
310,0.17497,0.96296,,
311,0.00603,1.0,,
312,0.08102,0.96296,,
313,0.01774,1.0,,
314,0.00119,1.0,,
315,0.1594,0.96296,,
316,0.01098,1.0,,
317,0.00264,1.0,,
318,0.08954,0.98148,,
319,0.015,1.0,,
320,0.00135,1.0,,
321,0.00019,1.0,,
322,0.05018,0.96296,,
323,0.08587,0.96296,,
324,0.08728,0.98148,,
325,0.00024,1.0,,
326,0.00699,1.0,,
327,0.0018,1.0,,
328,0.08676,0.98148,,
329,0.09359,0.98148,,
330,0.00036,1.0,,
331,0.19638,0.98148,,
332,0.00884,1.0,,
333,0.03364,0.98148,,
334,0.26882,0.92593,,
335,0.01654,1.0,,
336,0.00567,1.0,,
337,0.0062,1.0,,
338,0.12137,0.96296,,
339,0.14886,0.98148,,
340,0.00031,1.0,,
341,0.09235,0.98148,,
342,0.32242,0.96296,,
343,0.14484,0.98148,,
344,0.04566,0.98148,,
345,0.20248,0.96296,,
346,0.01976,1.0,,
347,0.04754,0.98148,,
348,0.02216,0.98148,,
349,0.01069,1.0,,
350,0.1218,0.98148,,
351,0.00268,1.0,,
352,0.09306,0.96296,,
353,0.00234,1.0,,
354,0.06419,0.98148,,
355,0.46787,0.92593,,
356,0.00159,1.0,,
357,0.07229,0.98148,,
358,0.02451,0.98148,,
359,0.2025,0.98148,,
360,0.02031,1.0,,
361,0.02918,0.98148,,
362,0.16148,0.94444,,
363,0.0011,1.0,,
364,0.17526,0.96296,,
365,0.00237,1.0,,
366,0.13596,0.94444,,
367,0.00149,1.0,,
368,0.23062,0.94444,,
369,0.00852,1.0,,
370,0.05331,0.98148,,
371,0.02019,0.98148,,
372,0.09713,0.96296,,
373,0.0137,1.0,,
374,0.23498,0.96296,,
375,0.03031,0.98148,,
376,0.04092,0.98148,,
377,0.00241,1.0,,
378,0.12734,0.98148,,
379,0.1016,0.98148,,
380,0.06475,0.98148,,
381,0.14436,0.96296,,
382,0.0017,1.0,,
383,0.01811,0.98148,,
384,0.08049,0.98148,,
385,0.14694,0.98148,,
386,0.20785,0.96296,,
387,0.01426,1.0,,
388,0.00193,1.0,,
389,0.11572,0.96296,,
390,0.00972,1.0,,
391,0.0489,0.98148,,
392,0.17406,0.96296,,
393,0.04003,0.98148,,
394,0.06718,0.98148,,
395,0.02337,1.0,,
396,0.17248,0.92593,,
397,0.02082,1.0,,
398,0.02159,0.98148,,
399,0.10302,0.98148,,
400,0.00487,1.0,,
401,0.00813,1.0,0.01192,0.66667
402,0.00061,1.0,,
403,0.05822,0.96296,,
404,0.08616,0.96296,,
405,0.09084,0.98148,,
406,0.00287,1.0,,
407,0.00316,1.0,,
408,0.00286,1.0,,
409,0.08917,0.96296,,
410,0.03685,0.98148,,
411,0.03564,0.98148,,
412,0.14283,0.96296,,
413,0.22272,0.96296,,
414,0.09509,0.96296,,
415,0.14124,0.98148,,
416,0.16761,0.96296,,
417,0.00126,1.0,,
418,0.00064,1.0,,
419,0.00421,1.0,,
420,0.08099,0.98148,,
421,0.06045,0.96296,,
422,0.06968,0.98148,,
423,0.14729,0.98148,,
424,0.01334,1.0,,
425,0.01644,1.0,,
426,0.03094,0.98148,,
427,0.12092,0.94444,,
428,0.00274,1.0,,
429,0.00606,1.0,,
430,0.04438,0.98148,,
431,0.01378,1.0,,
432,0.18304,0.94444,,
433,0.06927,0.98148,,
434,0.02465,1.0,,
435,0.01123,1.0,,
436,0.08243,0.98148,,
437,0.20585,0.96296,,
438,0.00038,1.0,,
439,0.09103,0.98148,,
440,0.0351,0.98148,,
441,0.13573,0.94444,,
442,0.11318,0.98148,,
443,0.09553,0.96296,,
444,0.09028,0.96296,,
445,0.11393,0.98148,,
446,0.22379,0.96296,,
447,0.01737,1.0,,
448,0.02462,0.98148,,
449,0.00835,1.0,,
450,0.01639,1.0,,
451,0.03025,0.98148,,
452,0.00788,1.0,,
453,0.00045,1.0,,
454,0.02155,1.0,,
455,0.07199,0.98148,,
456,0.006,1.0,,
457,0.06711,0.98148,,
458,0.01181,1.0,,
459,0.02422,0.98148,,
460,0.01158,1.0,,
461,0.28134,0.94444,,
462,0.05454,0.96296,,
463,0.01496,0.98148,,
464,0.03532,0.98148,,
465,0.0009,1.0,,
466,0.01476,1.0,,
467,0.00843,1.0,,
468,0.14048,0.96296,,
469,0.04428,0.98148,,
470,0.00346,1.0,,
471,0.11973,0.98148,,
472,0.06092,0.96296,,
473,0.04204,0.98148,,
474,0.00409,1.0,,
475,0.08223,0.96296,,
476,0.00043,1.0,,
477,0.15661,0.96296,,
478,0.06368,0.98148,,
479,0.00342,1.0,,
480,0.05321,0.98148,,
481,0.00177,1.0,,
482,0.20238,0.96296,,
483,0.03715,0.98148,,
484,0.01967,0.98148,,
485,0.16574,0.94444,,
486,0.00037,1.0,,
487,0.03842,0.98148,,
488,0.08067,0.98148,,
489,0.07626,0.98148,,
490,0.18148,0.96296,,
491,0.07786,0.98148,,
492,0.12298,0.96296,,
493,0.11893,0.96296,,
494,0.00498,1.0,,
495,0.00011,1.0,,
496,0.00593,1.0,,
497,0.23388,0.96296,,
498,0.03546,0.98148,,
499,0.2994,0.94444,,
500,0.00473,1.0,,
501,0.03143,0.98148,3e-05,0.66667
502,0.09387,0.98148,,
503,0.00241,1.0,,
504,0.02949,0.98148,,
505,0.00151,1.0,,
506,0.0068,1.0,,
507,0.01806,0.98148,,
508,0.00016,1.0,,
509,0.02984,0.98148,,
510,0.00362,1.0,,
511,0.13924,0.96296,,
512,0.00162,1.0,,
513,0.20217,0.96296,,
514,0.00263,1.0,,
515,0.00104,1.0,,
516,0.00305,1.0,,
517,0.00508,1.0,,
518,0.10081,0.98148,,
519,0.09449,0.94444,,
520,0.0003,1.0,,
521,0.13501,0.96296,,
522,0.0848,0.96296,,
523,0.11492,0.98148,,
524,0.08247,0.96296,,
525,0.04416,0.98148,,
526,0.00829,1.0,,
527,0.10644,0.98148,,
528,0.0082,1.0,,
529,0.00497,1.0,,
530,0.04037,0.98148,,
531,0.08542,0.98148,,
532,0.09958,0.98148,,
533,0.01385,1.0,,
534,0.01834,1.0,,
535,0.05643,0.96296,,
536,0.00501,1.0,,
537,0.00216,1.0,,
538,0.05579,0.98148,,
539,0.0516,0.98148,,
540,0.07086,0.96296,,
541,0.14317,0.98148,,
542,0.1816,0.96296,,
543,0.00251,1.0,,
544,0.01342,1.0,,
545,0.00028,1.0,,
546,0.07193,0.96296,,
547,0.09208,0.98148,,
548,0.01192,1.0,,
549,0.03605,0.98148,,
550,0.00193,1.0,,
551,0.08421,0.96296,,
552,0.00665,1.0,,
553,0.04767,0.98148,,
554,0.0484,0.96296,,
555,0.05387,0.98148,,
556,0.07581,0.98148,,
557,0.01111,1.0,,
558,0.21333,0.96296,,
559,0.05223,0.98148,,
560,0.06295,0.96296,,
561,0.13686,0.96296,,
562,0.00461,1.0,,
563,0.01472,1.0,,
564,0.00425,1.0,,
565,0.03446,0.98148,,
566,0.00239,1.0,,
567,0.04323,0.96296,,
568,0.01917,1.0,,
569,0.01094,1.0,,
570,0.00061,1.0,,
571,0.0316,0.98148,,
572,0.02199,0.98148,,
573,0.11402,0.96296,,
574,0.00817,1.0,,
575,0.02654,0.98148,,
576,0.044,0.98148,,
577,0.0583,0.98148,,
578,0.00041,1.0,,
579,0.03477,0.98148,,
580,0.0083,1.0,,
581,0.01027,1.0,,
582,0.21504,0.96296,,
583,0.00174,1.0,,
584,0.02106,0.98148,,
585,0.00663,1.0,,
586,0.00116,1.0,,
587,0.09535,0.96296,,
588,0.09125,0.98148,,
589,0.0109,1.0,,
590,0.00483,1.0,,
591,0.09943,0.98148,,
592,0.107,0.96296,,
593,0.10912,0.98148,,
594,0.07607,0.98148,,
595,0.09187,0.98148,,
596,0.02545,0.98148,,
597,0.03735,0.98148,,
598,0.01476,1.0,,
599,0.01384,1.0,,
600,0.00146,1.0,,
601,0.04458,0.98148,0.06616,0.64815
602,0.00128,1.0,,
603,0.00168,1.0,,
604,0.03442,0.98148,,
605,0.00318,1.0,,
606,0.00389,1.0,,
607,0.00087,1.0,,
608,0.11116,0.94444,,
609,0.11148,0.98148,,
610,0.00182,1.0,,
611,0.00699,1.0,,
612,0.01189,1.0,,
613,0.00152,1.0,,
614,0.08344,0.98148,,
615,0.04418,0.98148,,
616,0.10003,0.98148,,
617,0.15994,0.98148,,
618,0.11361,0.96296,,
619,0.00917,1.0,,
620,0.0895,0.98148,,
621,0.00012,1.0,,
622,0.17327,0.96296,,
623,0.08414,0.98148,,
624,0.00298,1.0,,
625,0.00692,1.0,,
626,0.07809,0.98148,,
627,0.00229,1.0,,
628,0.16561,0.96296,,
629,7e-05,1.0,,
630,0.07586,0.96296,,
631,0.0221,1.0,,
632,0.08857,0.98148,,
633,6e-05,1.0,,
634,0.00089,1.0,,
635,0.01041,1.0,,
636,0.31637,0.96296,,
637,0.00309,1.0,,
638,0.17236,0.96296,,
639,0.03197,0.98148,,
640,0.00169,1.0,,
641,0.00288,1.0,,
642,0.09826,0.94444,,
643,0.1278,0.94444,,
644,0.00404,1.0,,
645,0.10815,0.96296,,
646,0.18692,0.98148,,
647,0.04224,0.98148,,
648,0.39185,0.92593,,
649,0.1078,0.98148,,
650,0.01625,0.98148,,
651,0.17089,0.98148,,
652,0.02072,0.98148,,
653,0.0023,1.0,,
654,0.05058,0.96296,,
655,0.00162,1.0,,
656,0.11835,0.96296,,
657,0.19827,0.96296,,
658,0.00953,1.0,,
659,0.15516,0.96296,,
660,0.00417,1.0,,
661,0.10901,0.98148,,
662,0.21688,0.96296,,
663,0.02118,1.0,,
664,0.09549,0.98148,,
665,0.03125,0.98148,,
666,0.02093,0.98148,,
667,0.00391,1.0,,
668,0.01122,1.0,,
669,0.02665,0.98148,,
670,0.00206,1.0,,
671,0.00629,1.0,,
672,0.02091,0.98148,,
673,0.05189,0.98148,,
674,0.15699,0.96296,,
675,0.00574,1.0,,
676,0.05814,0.98148,,
677,0.08324,0.98148,,
678,0.09354,0.96296,,
679,0.01997,1.0,,
680,0.00047,1.0,,
681,0.01056,1.0,,
682,0.00341,1.0,,
683,0.00599,1.0,,
684,0.02682,0.98148,,
685,0.02602,0.98148,,
686,0.04577,0.96296,,
687,0.07578,0.96296,,
688,0.04537,0.98148,,
689,0.05355,0.96296,,
690,0.00108,1.0,,
691,0.1804,0.96296,,
692,0.11375,0.98148,,
693,0.13539,0.96296,,
694,0.05227,0.98148,,
695,0.16438,0.96296,,
696,0.07312,0.96296,,
697,0.04262,0.98148,,
698,0.19548,0.96296,,
699,0.00043,1.0,,
700,0.27831,0.96296,,
701,0.06911,0.96296,0.1712,0.62963
702,0.00056,1.0,,
703,0.10002,0.98148,,
704,0.00745,1.0,,
705,0.11517,0.98148,,
706,0.01907,1.0,,
707,0.0118,1.0,,
708,0.0185,0.98148,,
709,0.01628,1.0,,
710,0.03265,0.98148,,
711,0.00634,1.0,,
712,0.08441,0.98148,,
713,0.02784,0.98148,,
714,0.05824,0.98148,,
715,0.00815,1.0,,
716,0.0186,0.98148,,
717,0.01367,1.0,,
718,0.24819,0.94444,,
719,0.04888,0.98148,,
720,0.0345,0.98148,,
721,0.20961,0.96296,,
722,0.17483,0.96296,,
723,0.13211,0.96296,,
724,0.00287,1.0,,
725,0.0035,1.0,,
726,0.01737,0.98148,,
727,0.00374,1.0,,
728,0.00275,1.0,,
729,0.03791,0.98148,,
730,0.02971,0.98148,,
731,0.00038,1.0,,
732,0.01012,1.0,,
733,0.03297,0.98148,,
734,0.00695,1.0,,
735,0.12371,0.98148,,
736,0.00179,1.0,,
737,0.01894,1.0,,
738,0.07373,0.98148,,
739,0.01419,1.0,,
740,0.02045,1.0,,
741,0.00711,1.0,,
742,0.00038,1.0,,
743,0.00159,1.0,,
744,0.00161,1.0,,
745,0.1081,0.98148,,
746,0.10867,0.96296,,
747,0.02694,0.98148,,
748,0.0864,0.96296,,
749,0.15667,0.98148,,
750,0.00428,1.0,,
751,0.04024,0.98148,,
752,0.16852,0.96296,,
753,0.05805,0.98148,,
754,0.00064,1.0,,
755,0.00636,1.0,,
756,0.00021,1.0,,
757,0.1336,0.98148,,
758,5e-05,1.0,,
759,0.12476,0.96296,,
760,0.00138,1.0,,
761,0.0767,0.98148,,
762,0.0017,1.0,,
763,0.00116,1.0,,
764,0.00091,1.0,,
765,0.016,0.98148,,
766,0.07195,0.98148,,
767,0.0174,1.0,,
768,0.25635,0.96296,,
769,0.22486,0.96296,,
770,0.15199,0.98148,,
771,0.03164,0.96296,,
772,0.00588,1.0,,
773,0.08385,0.98148,,
774,0.00091,1.0,,
775,0.01045,1.0,,
776,0.01073,1.0,,
777,0.05289,0.98148,,
778,0.11389,0.98148,,
779,0.00824,1.0,,
780,0.0076,1.0,,
781,0.0046,1.0,,
782,0.12323,0.98148,,
783,0.09073,0.98148,,
784,0.00853,1.0,,
785,0.05694,0.98148,,
786,0.00028,1.0,,
787,0.0497,0.98148,,
788,0.00269,1.0,,
789,0.17481,0.98148,,
790,0.01507,1.0,,
791,0.05603,0.96296,,
792,0.22655,0.92593,,
793,0.09147,0.96296,,
794,0.00743,1.0,,
795,0.0118,1.0,,
796,0.01903,0.98148,,
797,0.03578,0.98148,,
798,0.13957,0.96296,,
799,0.00022,1.0,,
800,0.04414,0.98148,,
801,0.00039,1.0,0.14232,0.62963
802,0.09666,0.98148,,
803,0.07491,0.96296,,
804,0.15564,0.98148,,
805,0.00294,1.0,,
806,0.18784,0.94444,,
807,0.00083,1.0,,
808,0.02404,0.98148,,
809,0.00071,1.0,,
810,0.00042,1.0,,
811,0.00315,1.0,,
812,0.02655,0.98148,,
813,0.00355,1.0,,
814,0.13405,0.94444,,
815,0.0643,0.96296,,
816,0.03827,0.98148,,
817,0.03047,0.98148,,
818,0.17987,0.94444,,
819,0.03263,0.98148,,
820,0.10819,0.96296,,
821,0.01919,0.98148,,
822,0.00974,1.0,,
823,0.0327,0.98148,,
824,0.28745,0.94444,,
825,0.00769,1.0,,
826,0.06318,0.98148,,
827,0.01544,1.0,,
828,0.00317,1.0,,
829,0.12128,0.96296,,
830,0.01319,1.0,,
831,0.00214,1.0,,
832,0.02906,0.98148,,
833,0.06925,0.98148,,
834,0.03667,0.98148,,
835,0.09008,0.98148,,
836,0.12027,0.98148,,
837,0.05522,0.98148,,
838,0.00229,1.0,,
839,0.18091,0.96296,,
840,0.00038,1.0,,
841,0.08682,0.98148,,
842,0.00038,1.0,,
843,0.13096,0.96296,,
844,0.03382,0.96296,,
845,0.00047,1.0,,
846,0.05227,0.96296,,
847,0.02105,0.98148,,
848,0.00011,1.0,,
849,0.01164,1.0,,
850,0.07633,0.98148,,
851,0.00291,1.0,,
852,0.00014,1.0,,
853,0.00265,1.0,,
854,0.13993,0.96296,,
855,0.00041,1.0,,
856,0.00016,1.0,,
857,0.20416,0.98148,,
858,0.05143,0.98148,,
859,0.22914,0.96296,,
860,0.02127,0.98148,,
861,0.12667,0.96296,,
862,0.0917,0.96296,,
863,0.00348,1.0,,
864,0.04163,0.98148,,
865,0.12075,0.94444,,
866,0.01518,0.98148,,
867,0.00041,1.0,,
868,0.04203,0.98148,,
869,0.0286,0.98148,,
870,0.08045,0.98148,,
871,0.00152,1.0,,
872,0.00646,1.0,,
873,0.01231,1.0,,
874,0.03751,0.98148,,
875,0.15727,0.98148,,
876,0.06846,0.96296,,
877,0.00022,1.0,,
878,0.06933,0.98148,,
879,0.06297,0.98148,,
880,0.00043,1.0,,
881,0.00396,1.0,,
882,0.26565,0.98148,,
883,0.04567,0.98148,,
884,0.01893,0.98148,,
885,0.04859,0.98148,,
886,0.33067,0.96296,,
887,0.00807,1.0,,
888,0.02674,0.98148,,
889,0.00015,1.0,,
890,0.06509,0.98148,,
891,0.1875,0.96296,,
892,0.01473,1.0,,
893,0.06314,0.98148,,
894,0.01902,1.0,,
895,0.08098,0.98148,,
896,0.16161,0.98148,,
897,0.00647,1.0,,
898,0.11845,0.98148,,
899,0.1386,0.98148,,
900,0.00153,1.0,,
901,0.19632,0.94444,0.14931,0.62963
902,0.00015,1.0,,
903,0.05631,0.96296,,
904,0.1704,0.96296,,
905,0.01153,1.0,,
906,0.00537,1.0,,
907,0.05128,0.96296,,
908,0.06995,0.98148,,
909,0.0462,0.98148,,
910,0.00212,1.0,,
911,0.00014,1.0,,
912,0.03751,0.98148,,
913,0.05189,0.98148,,
914,0.00136,1.0,,
915,0.02815,0.98148,,
916,0.14699,0.96296,,
917,0.01359,0.98148,,
918,0.08886,0.94444,,
919,0.00032,1.0,,
920,0.16837,0.96296,,
921,0.0002,1.0,,
922,0.00077,1.0,,
923,0.03404,0.98148,,
924,0.00142,1.0,,
925,0.06223,0.98148,,
926,0.07357,0.98148,,
927,0.0032,1.0,,
928,0.00485,1.0,,
929,0.03727,0.98148,,
930,0.01987,1.0,,
931,0.03956,0.98148,,
932,0.00522,1.0,,
933,0.00035,1.0,,
934,0.07883,0.98148,,
935,0.0301,0.98148,,
936,0.03615,0.98148,,
937,0.08462,0.98148,,
938,0.00236,1.0,,
939,0.13221,0.96296,,
940,0.16393,0.94444,,
941,0.06498,0.98148,,
942,0.05693,0.98148,,
943,0.006,1.0,,
944,0.00163,1.0,,
945,0.00012,1.0,,
946,0.12183,0.98148,,
947,0.04596,0.96296,,
948,0.02456,0.98148,,
949,0.0059,1.0,,
950,0.00555,1.0,,
951,0.13437,0.96296,,
952,0.00017,1.0,,
953,0.00406,1.0,,
954,0.04442,0.98148,,
955,0.00013,1.0,,
956,0.18639,0.96296,,
957,0.00016,1.0,,
958,0.09914,0.96296,,
959,0.19277,0.98148,,
960,0.09654,0.96296,,
961,0.03311,0.98148,,
962,0.00012,1.0,,
963,0.14884,0.96296,,
964,0.02524,0.98148,,
965,0.0002,1.0,,
966,0.00851,1.0,,
967,0.00269,1.0,,
968,0.07274,0.98148,,
969,0.00058,1.0,,
970,0.00027,1.0,,
971,0.0947,0.98148,,
972,0.12047,0.96296,,
973,0.04609,0.98148,,
974,0.03015,0.98148,,
975,0.00146,1.0,,
976,0.00013,1.0,,
977,5e-05,1.0,,
978,0.10926,0.98148,,
979,0.00021,1.0,,
980,0.33285,0.96296,,
981,0.00238,1.0,,
982,0.01743,0.98148,,
983,0.02009,0.98148,,
984,0.07646,0.98148,,
985,0.177,0.96296,,
986,0.12926,0.94444,,
987,0.0989,0.98148,,
988,0.00063,1.0,,
989,0.0151,0.98148,,
990,0.07691,0.98148,,
991,0.05996,0.96296,,
992,0.01552,1.0,,
993,0.09767,0.98148,,
994,6e-05,1.0,,
995,0.09842,0.98148,,
996,0.0199,0.98148,,
997,0.03057,0.98148,,
998,0.00021,1.0,,
999,0.00038,1.0,,
1000,0.11223,0.98148,,
1001,0.10318,0.98148,0.09028,0.64815
1002,0.00143,1.0,,
1003,0.00016,1.0,,
1004,0.1735,0.98148,,
1005,0.01355,1.0,,
1006,0.01965,0.98148,,
1007,0.00024,1.0,,
1008,0.00074,1.0,,
1009,6e-05,1.0,,
1010,0.00982,1.0,,
1011,0.02413,0.98148,,
1012,0.03708,0.98148,,
1013,0.0603,0.96296,,
1014,0.04338,0.98148,,
1015,0.00012,1.0,,
1016,0.01914,0.98148,,
1017,0.15457,0.98148,,
1018,0.00031,1.0,,
1019,0.00316,1.0,,
1020,0.00208,1.0,,
1021,0.00158,1.0,,
1022,0.00122,1.0,,
1023,0.29509,0.96296,,
1024,0.16103,0.98148,,
1025,0.00088,1.0,,
1026,0.01299,1.0,,
1027,0.00388,1.0,,
1028,0.15473,0.98148,,
1029,0.09816,0.98148,,
1030,0.12819,0.98148,,
1031,0.10744,0.98148,,
1032,0.00065,1.0,,
1033,0.13794,0.98148,,
1034,0.01634,1.0,,
1035,0.07818,0.96296,,
1036,0.00071,1.0,,
1037,0.0461,0.96296,,
1038,0.00137,1.0,,
1039,0.05644,0.98148,,
1040,2e-05,1.0,,
1041,0.1405,0.98148,,
1042,0.00118,1.0,,
1043,0.0772,0.96296,,
1044,5e-05,1.0,,
1045,0.00026,1.0,,
1046,0.2679,0.94444,,
1047,0.12236,0.98148,,
1048,0.03743,0.98148,,
1049,0.09289,0.98148,,
1050,0.0005,1.0,,
1051,0.00028,1.0,,
1052,3e-05,1.0,,
1053,0.00177,1.0,,
1054,0.031,0.98148,,
1055,0.01489,0.98148,,
1056,0.00223,1.0,,
1057,0.00371,1.0,,
1058,5e-05,1.0,,
1059,0.32664,0.96296,,
1060,0.00114,1.0,,
1061,0.12895,0.98148,,
1062,0.05696,0.96296,,
1063,0.00012,1.0,,
1064,0.00171,1.0,,
1065,0.07754,0.98148,,
1066,0.00053,1.0,,
1067,0.2057,0.98148,,
1068,0.00375,1.0,,
1069,0.00012,1.0,,
1070,0.00211,1.0,,
1071,0.00034,1.0,,
1072,5e-05,1.0,,
1073,0.04964,0.98148,,
1074,0.00705,1.0,,
1075,0.00022,1.0,,
1076,0.07971,0.96296,,
1077,0.06425,0.98148,,
1078,7e-05,1.0,,
1079,0.00635,1.0,,
1080,0.17836,0.98148,,
1081,0.06542,0.98148,,
1082,4e-05,1.0,,
1083,0.20776,0.98148,,
1084,0.00016,1.0,,
1085,0.16222,0.96296,,
1086,0.00171,1.0,,
1087,0.12479,0.98148,,
1088,2e-05,1.0,,
1089,0.06124,0.98148,,
1090,0.17919,0.96296,,
1091,0.09024,0.98148,,
1092,0.0035,1.0,,
1093,0.32913,0.96296,,
1094,0.14611,0.98148,,
1095,0.00566,1.0,,
1096,0.0003,1.0,,
1097,0.00159,1.0,,
1098,0.15741,0.96296,,
1099,5e-05,1.0,,
1100,0.04765,0.98148,,
1101,0.08235,0.96296,0.17851,0.64815
1102,2e-05,1.0,,
1103,0.29778,0.96296,,
1104,3e-05,1.0,,
1105,7e-05,1.0,,
1106,0.23334,0.96296,,
1107,0.14322,0.98148,,
1108,0.06902,0.98148,,
1109,0.00578,1.0,,
1110,0.04075,0.98148,,
1111,0.06034,0.98148,,
1112,4e-05,1.0,,
1113,0.07413,0.98148,,
1114,0.00018,1.0,,
1115,0.10355,0.98148,,
1116,0.04172,0.98148,,
1117,0.02692,0.98148,,
1118,0.01689,0.98148,,
1119,0.18005,0.98148,,
1120,0.12466,0.96296,,
1121,0.20174,0.96296,,
1122,0.00386,1.0,,
1123,4e-05,1.0,,
1124,0.02654,0.98148,,
1125,0.1597,0.98148,,
1126,0.08144,0.98148,,
1127,0.02401,0.98148,,
1128,3e-05,1.0,,
1129,0.17105,0.96296,,
1130,0.00557,1.0,,
1131,0.06078,0.98148,,
1132,0.00055,1.0,,
1133,0.00035,1.0,,
1134,0.09825,0.96296,,
1135,0.02448,1.0,,
1136,0.00387,1.0,,
1137,0.00886,1.0,,
1138,0.25325,0.98148,,
1139,0.00016,1.0,,
1140,8e-05,1.0,,
1141,0.03286,0.98148,,
1142,0.05659,0.98148,,
1143,0.00153,1.0,,
1144,0.0048,1.0,,
1145,0.18494,0.98148,,
1146,0.0009,1.0,,
1147,0.09864,0.98148,,
1148,0.06366,0.98148,,
1149,0.02341,0.98148,,
1150,0.02621,0.98148,,
1151,0.21988,0.96296,,
1152,0.00012,1.0,,
1153,0.00019,1.0,,
1154,0.02265,0.98148,,
1155,0.11657,0.98148,,
1156,0.11188,0.98148,,
1157,0.00021,1.0,,
1158,0.01295,1.0,,
1159,0.00089,1.0,,
1160,0.08858,0.98148,,
1161,7e-05,1.0,,
1162,0.00711,1.0,,
1163,0.07743,0.98148,,
1164,0.0002,1.0,,
1165,0.00101,1.0,,
1166,0.00047,1.0,,
1167,0.00318,1.0,,
1168,0.20541,0.94444,,
1169,0.00345,1.0,,
1170,0.00099,1.0,,
1171,0.02131,0.98148,,
1172,0.00039,1.0,,
1173,0.00558,1.0,,
1174,0.01483,1.0,,
1175,0.00336,1.0,,
1176,0.14004,0.98148,,
1177,0.11579,0.98148,,
1178,0.00495,1.0,,
1179,0.01603,0.98148,,
1180,0.12384,0.98148,,
1181,0.00033,1.0,,
1182,8e-05,1.0,,
1183,0.0002,1.0,,
1184,0.00031,1.0,,
1185,0.01717,0.98148,,
1186,7e-05,1.0,,
1187,0.03283,0.98148,,
1188,1e-05,1.0,,
1189,0.00951,1.0,,
1190,2e-05,1.0,,
1191,0.02039,0.98148,,
1192,0.20829,0.98148,,
1193,0.00011,1.0,,
1194,0.13652,0.98148,,
1195,0.09165,0.98148,,
1196,0.00755,1.0,,
1197,5e-05,1.0,,
1198,0.14861,0.98148,,
1199,0.49754,0.94444,,
1200,0.16934,0.98148,,
1201,5e-05,1.0,0.21356,0.62963
1202,0.09587,0.98148,,
1203,0.01717,0.98148,,
1204,0.18101,0.94444,,
1205,0.14205,0.98148,,
1206,0.20018,0.98148,,
1207,0.13717,0.98148,,
1208,7e-05,1.0,,
1209,0.00112,1.0,,
1210,0.00243,1.0,,
1211,1e-05,1.0,,
1212,0.00011,1.0,,
1213,0.01073,1.0,,
1214,0.03354,0.98148,,
1215,0.01445,0.98148,,
1216,0.03427,0.98148,,
1217,0.00449,1.0,,
1218,0.02434,1.0,,
1219,8e-05,1.0,,
1220,0.11085,0.98148,,
1221,0.1175,0.98148,,
1222,0.02174,0.98148,,
1223,0.11729,0.96296,,
1224,0.05911,0.96296,,
1225,0.00026,1.0,,
1226,0.15812,0.98148,,
1227,0.00133,1.0,,
1228,0.19351,0.98148,,
1229,0.19759,0.98148,,
1230,0.02879,0.98148,,
1231,0.09107,0.96296,,
1232,3e-05,1.0,,
1233,0.00145,1.0,,
1234,3e-05,1.0,,
1235,0.00503,1.0,,
1236,0.01088,1.0,,
1237,7e-05,1.0,,
1238,0.00593,1.0,,
1239,0.08083,0.96296,,
1240,0.0434,0.98148,,
1241,0.04,0.98148,,
1242,0.00144,1.0,,
1243,0.00332,1.0,,
1244,0.12294,0.98148,,
1245,0.00021,1.0,,
1246,1e-05,1.0,,
1247,0.00044,1.0,,
1248,0.00482,1.0,,
1249,0.15205,0.98148,,
1250,0.24279,0.94444,,
1251,0.08353,0.96296,,
1252,0.00016,1.0,,
1253,0.00025,1.0,,
1254,0.11718,0.98148,,
1255,0.01094,1.0,,
1256,0.00144,1.0,,
1257,0.02442,0.98148,,
1258,0.07118,0.98148,,
1259,1e-05,1.0,,
1260,6e-05,1.0,,
1261,0.00601,1.0,,
1262,0.0719,0.98148,,
1263,1e-05,1.0,,
1264,0.17149,0.96296,,
1265,0.07564,0.98148,,
1266,0.19944,0.96296,,
1267,0.22941,0.96296,,
1268,0.2935,0.94444,,
1269,0.01535,0.98148,,
1270,5e-05,1.0,,
1271,3e-05,1.0,,
1272,0.03733,0.98148,,
1273,0.00242,1.0,,
1274,0.00011,1.0,,
1275,0.00032,1.0,,
1276,0.00012,1.0,,
1277,0.21004,0.94444,,
1278,4e-05,1.0,,
1279,1e-05,1.0,,
1280,0.01384,1.0,,
1281,0.06075,0.96296,,
1282,0.35456,0.92593,,
1283,0.00115,1.0,,
1284,1e-05,1.0,,
1285,3e-05,1.0,,
1286,0.00035,1.0,,
1287,0.00028,1.0,,
1288,0.02791,0.98148,,
1289,0.01192,1.0,,
1290,9e-05,1.0,,
1291,0.0189,0.98148,,
1292,1e-05,1.0,,
1293,0.11219,0.98148,,
1294,4e-05,1.0,,
1295,0.00265,1.0,,
1296,0.06455,0.98148,,
1297,0.14787,0.98148,,
1298,2e-05,1.0,,
1299,1e-05,1.0,,
1300,3e-05,1.0,,
1301,0.00196,1.0,0.05892,0.64815
1302,1e-05,1.0,,
1303,0.30668,0.96296,,
1304,0.00075,1.0,,
1305,0.00071,1.0,,
1306,0.32352,0.96296,,
1307,0.00431,1.0,,
1308,3e-05,1.0,,
1309,0.09019,0.98148,,
1310,0.14047,0.96296,,
1311,2e-05,1.0,,
1312,0.13483,0.98148,,
1313,1e-05,1.0,,
1314,1e-05,1.0,,
1315,0.07359,0.98148,,
1316,0.01473,1.0,,
1317,0.07707,0.96296,,
1318,0.00113,1.0,,
1319,0.0175,0.98148,,
1320,1e-05,1.0,,
1321,0.1789,0.98148,,
1322,0.01992,0.98148,,
1323,0.03204,0.98148,,
1324,0.00507,1.0,,
1325,0.02087,0.98148,,
1326,0.00831,1.0,,
1327,0.12087,0.96296,,
1328,0.11205,0.96296,,
1329,4e-05,1.0,,
1330,0.0,1.0,,
1331,4e-05,1.0,,
1332,1e-05,1.0,,
1333,1e-05,1.0,,
1334,0.02735,0.98148,,
1335,0.09838,0.98148,,
1336,7e-05,1.0,,
1337,0.0,1.0,,
1338,0.00162,1.0,,
1339,0.13335,0.98148,,
1340,0.0045,1.0,,
1341,0.04769,0.98148,,
1342,0.05559,0.98148,,
1343,0.01461,0.98148,,
1344,0.00017,1.0,,
1345,0.03996,0.98148,,
1346,0.00603,1.0,,
1347,0.08964,0.98148,,
1348,1e-05,1.0,,
1349,0.0,1.0,,
1350,0.00011,1.0,,
1351,0.0,1.0,,
1352,0.00223,1.0,,
1353,2e-05,1.0,,
1354,0.03851,0.98148,,
1355,0.00101,1.0,,
1356,3e-05,1.0,,
1357,0.0159,1.0,,
1358,0.0,1.0,,
1359,0.21574,0.98148,,
1360,1e-05,1.0,,
1361,0.01129,1.0,,
1362,9e-05,1.0,,
1363,0.00024,1.0,,
1364,0.00341,1.0,,
1365,0.0,1.0,,
1366,0.09265,0.98148,,
1367,0.03982,0.98148,,
1368,0.0007,1.0,,
1369,0.0855,0.98148,,
1370,1e-05,1.0,,
1371,0.21891,0.98148,,
1372,0.02779,0.98148,,
1373,0.2144,0.98148,,
1374,0.00028,1.0,,
1375,0.00689,1.0,,
1376,0.00016,1.0,,
1377,8e-05,1.0,,
1378,0.03946,0.98148,,
1379,0.17434,0.98148,,
1380,0.10859,0.98148,,
1381,0.09409,0.98148,,
1382,1e-05,1.0,,
1383,0.40599,0.96296,,
1384,0.0036,1.0,,
1385,0.00437,1.0,,
1386,0.0,1.0,,
1387,0.08028,0.98148,,
1388,0.00815,1.0,,
1389,0.19723,0.96296,,
1390,0.23226,0.98148,,
1391,2e-05,1.0,,
1392,0.00789,1.0,,
1393,1e-05,1.0,,
1394,0.00067,1.0,,
1395,2e-05,1.0,,
1396,0.18941,0.98148,,
1397,0.08263,0.98148,,
1398,0.21358,0.98148,,
1399,2e-05,1.0,,
1400,6e-05,1.0,,
1401,0.0,1.0,0.59612,0.62963
1402,0.00077,1.0,,
1403,3e-05,1.0,,
1404,0.03533,0.98148,,
1405,3e-05,1.0,,
1406,0.00726,1.0,,
1407,0.019,0.98148,,
1408,1e-05,1.0,,
1409,0.01401,1.0,,
1410,0.07344,0.98148,,
1411,0.0,1.0,,
1412,0.00598,1.0,,
1413,0.4107,0.96296,,
1414,2e-05,1.0,,
1415,2e-05,1.0,,
1416,4e-05,1.0,,
1417,0.00184,1.0,,
1418,2e-05,1.0,,
1419,0.16152,0.96296,,
1420,0.00085,1.0,,
1421,1e-05,1.0,,
1422,4e-05,1.0,,
1423,0.00548,1.0,,
1424,0.14067,0.98148,,
1425,0.59157,0.92593,,
1426,0.13126,0.98148,,
1427,4e-05,1.0,,
1428,0.19234,0.96296,,
1429,3e-05,1.0,,
1430,0.14162,0.98148,,
1431,0.08911,0.96296,,
1432,0.18101,0.98148,,
1433,1e-05,1.0,,
1434,0.1027,0.96296,,
1435,0.21289,0.98148,,
1436,2e-05,1.0,,
1437,0.1827,0.98148,,
1438,0.57005,0.94444,,
1439,0.0,1.0,,
1440,0.03771,0.98148,,
1441,0.27358,0.96296,,
1442,1e-05,1.0,,
1443,0.05931,0.98148,,
1444,0.05721,0.98148,,
1445,0.10978,0.98148,,
1446,0.00035,1.0,,
1447,0.05334,0.98148,,
1448,4e-05,1.0,,
1449,0.00201,1.0,,
1450,0.0025,1.0,,
1451,0.16671,0.98148,,
1452,0.54774,0.94444,,
1453,0.49417,0.96296,,
1454,1e-05,1.0,,
1455,0.01803,0.98148,,
1456,0.01632,0.98148,,
1457,3e-05,1.0,,
1458,0.12832,0.98148,,
1459,0.0,1.0,,
1460,0.00013,1.0,,
1461,0.0396,0.98148,,
1462,0.19571,0.98148,,
1463,0.17057,0.96296,,
1464,0.00032,1.0,,
1465,0.16966,0.98148,,
1466,0.0,1.0,,
1467,1e-05,1.0,,
1468,0.35091,0.98148,,
1469,0.0,1.0,,
1470,0.09569,0.98148,,
1471,0.02313,0.98148,,
1472,2e-05,1.0,,
1473,0.05363,0.98148,,
1474,0.20144,0.98148,,
1475,0.0006,1.0,,
1476,0.32465,0.98148,,
1477,0.0,1.0,,
1478,0.04135,0.98148,,
1479,0.01338,0.98148,,
1480,0.23511,0.98148,,
1481,0.19331,0.98148,,
1482,1e-05,1.0,,
1483,0.04117,0.98148,,
1484,0.31566,0.98148,,
1485,0.00665,1.0,,
1486,0.06781,0.98148,,
1487,3e-05,1.0,,
1488,0.00124,1.0,,
1489,0.0,1.0,,
1490,0.00021,1.0,,
1491,0.19457,0.98148,,
1492,0.00719,1.0,,
1493,5e-05,1.0,,
1494,7e-05,1.0,,
1495,0.27748,0.96296,,
1496,0.05258,0.98148,,
1497,1e-05,1.0,,
1498,0.3225,0.98148,,
1499,0.00444,1.0,,
1500,0.26078,0.96296,,
1501,0.57755,0.94444,2e-05,0.66667
1502,0.04393,0.98148,,
1503,0.0,1.0,,
1504,0.01744,0.98148,,
1505,0.01514,1.0,,
1506,0.14183,0.98148,,
1507,2e-05,1.0,,
1508,0.00063,1.0,,
1509,0.1087,0.98148,,
1510,0.50646,0.96296,,
1511,0.05998,0.98148,,
1512,0.09142,0.98148,,
1513,0.11704,0.98148,,
1514,0.20594,0.98148,,
1515,0.00689,1.0,,
1516,0.08009,0.98148,,
1517,0.0001,1.0,,
1518,0.06346,0.98148,,
1519,0.16087,0.98148,,
1520,0.32023,0.96296,,
1521,0.20423,0.98148,,
1522,1e-05,1.0,,
1523,0.20378,0.98148,,
1524,0.26317,0.98148,,
1525,0.25628,0.98148,,
1526,0.08219,0.98148,,
1527,0.0006,1.0,,
1528,0.0,1.0,,
1529,0.21642,0.96296,,
1530,0.05372,0.98148,,
1531,0.00087,1.0,,
1532,1e-05,1.0,,
1533,0.15495,0.98148,,
1534,0.00864,1.0,,
1535,0.0,1.0,,
1536,0.00016,1.0,,
1537,0.07713,0.98148,,
1538,0.01731,0.98148,,
1539,0.09502,0.98148,,
1540,0.0,1.0,,
1541,0.17486,0.98148,,
1542,1e-05,1.0,,
1543,1e-05,1.0,,
1544,0.0117,1.0,,
1545,0.00074,1.0,,
1546,0.00104,1.0,,
1547,0.0045,1.0,,
1548,0.04504,0.98148,,
1549,0.2942,0.94444,,
1550,0.01332,1.0,,
1551,0.0,1.0,,
1552,1e-05,1.0,,
1553,0.35543,0.94444,,
1554,1e-05,1.0,,
1555,0.0,1.0,,
1556,1e-05,1.0,,
1557,3e-05,1.0,,
1558,0.02356,0.98148,,
1559,1e-05,1.0,,
1560,0.0,1.0,,
1561,0.00038,1.0,,
1562,1e-05,1.0,,
1563,0.08627,0.98148,,
1564,0.00329,1.0,,
1565,1e-05,1.0,,
1566,0.10188,0.94444,,
1567,5e-05,1.0,,
1568,0.07931,0.98148,,
1569,0.16472,0.98148,,
1570,0.00055,1.0,,
1571,2e-05,1.0,,
1572,0.0,1.0,,
1573,0.15309,0.98148,,
1574,0.15943,0.98148,,
1575,0.00523,1.0,,
1576,3e-05,1.0,,
1577,0.1151,0.96296,,
1578,0.00874,1.0,,
1579,0.0109,1.0,,
1580,0.1023,0.98148,,
1581,0.00284,1.0,,
1582,0.22068,0.98148,,
1583,0.2217,0.96296,,
1584,0.0001,1.0,,
1585,0.03044,0.98148,,
1586,0.0,1.0,,
1587,0.22678,0.97222,,
